{"stat.pickup.minecraft.bone":4,"stat.leaveGame":9,"stat.mineBlock.forestry.candle":1,"stat.mineBlock.minecraft.sandstone":2,"stat.swimOneCm":2149,"stat.useItem.minecraft.planks":208,"stat.useItem.minecraft.dirt":3,"stat.useItem.minecraft.stone_slab2":378,"stat.pickup.minecraft.rotten_flesh":4,"stat.pickup.minecraft.sand":49,"stat.craftItem.minecraft.stone_pickaxe":1,"stat.pickup.minecraft.cobblestone":22,"stat.pickup.extratrees.hops":40,"stat.craftItem.minecraft.stone_sword":1,"stat.flyOneCm":71210,"stat.pickup.minecraft.sandstone":10,"stat.mineBlock.minecraft.sand":19,"stat.timeSinceDeath":50830,"stat.craftItem.minecraft.wooden_pickaxe":1,"stat.useItem.minecraft.potato":47,"stat.mineBlock.minecraft.coal_ore":53,"stat.pickup.minecraft.wooden_sword":1,"stat.pickup.forestry.bee_combs":2,"stat.entityKilledBy.Skeleton":2,"stat.mineBlock.thaumcraft.cinderpearl":6,"stat.sprintOneCm":144154,"stat.entityKilledBy.CultistKnight":1,"stat.useItem.minecraft.fence":19,"stat.craftItem.minecraft.stick":8,"stat.useItem.ic2.sapling":11,"stat.useItem.minecraft.wheat_seeds":76,"stat.killEntity.Husk":6,"stat.useItem.minecraft.carrot":42,"stat.pickup.forestry.bee_princess_ge":3,"stat.deaths":7,"stat.playOneMinute":178214,"stat.useItem.minecraft.wooden_sword":32,"stat.pickup.minecraft.glass_pane":1,"stat.mineBlock.minecraft.tallgrass":6,"stat.diveOneCm":1094,"stat.pickup.minecraft.wheat":49,"stat.chestOpened":17,"stat.killEntity.BrainyZombie":1,"stat.useItem.minecraft.stone":67,"stat.pickup.minecraft.arrow":2,"stat.jump":518,"stat.useItem.minecraft.sand":13,"stat.pickup.minecraft.coal":85,"stat.fallOneCm":11824,"stat.pickup.minecraft.carrot":60,"stat.mineBlock.forestry.beehives":3,"stat.crouchOneCm":705,"stat.mineBlock.minecraft.chest":1,"stat.craftItem.minecraft.chest":2,"stat.pickup.minecraft.dirt":29,"stat.pickup.thaumcraft.cinderpearl":6,"stat.craftingTableInteraction":4,"stat.useItem.minecraft.sapling":11,"stat.pickup.minecraft.wooden_pickaxe":1,"stat.damageTaken":2370,"stat.mineBlock.minecraft.torch":1,"stat.useItem.minecraft.wooden_pickaxe":58,"stat.craftItem.minecraft.wooden_sword":1,"stat.useItem.forestry.scoop":3,"stat.pickup.minecraft.planks":46,"stat.entityKilledBy.ZombieVillager":1,"stat.pickup.minecraft.wheat_seeds":78,"stat.pickup.minecraft.potato":129,"stat.useItem.minecraft.stone_pickaxe":34,"stat.useItem.minecraft.stone_sword":75,"stat.damageDealt":1934,"stat.useItem.minecraft.wool":18,"stat.sleepInBed":3,"stat.mineBlock.minecraft.dirt":13,"stat.pickup.minecraft.poisonous_potato":2,"stat.useItem.extratrees.hops":14,"stat.walkOneCm":470006,"stat.useItem.minecraft.torch":27,"stat.pickup.minecraft.stick":1,"stat.useItem.minecraft.log":38,"stat.craftItem.minecraft.crafting_table":1,"stat.pickup.extratrees.food":4,"stat.mineBlock.extratrees.leaves.default.fruit.10":1,"stat.pickup.minecraft.log":52,"stat.pickup.forestry.candle":1,"stat.mineBlock.minecraft.wool":11,"stat.pickup.minecraft.sapling":18,"stat.pickup.minecraft.apple":1,"stat.useItem.forestry.candle":1,"stat.killEntity.Skeleton":2,"stat.pickup.forestry.bee_drone_ge":1,"stat.pickup.minecraft.beetroot":14,"stat.pickup.forestry.apatite":72,"stat.craftItem.minecraft.planks":100,"stat.pickup.forestry.scoop":1,"stat.mineBlock.forestry.resources":20,"stat.mobKills":9,"stat.mineBlock.minecraft.log":52,"stat.pickup.retroexchange.transmutation_shard":2,"stat.entityKilledBy.Husk":1,"stat.mineBlock.minecraft.leaves":108,"stat.pickup.minecraft.beetroot_seeds":26,"stat.pickup.minecraft.torch":64,"stat.useItem.minecraft.beetroot_seeds":14,"stat.sneakTime":708,"stat.pickup.minecraft.wool":11,"stat.mineBlock.minecraft.stone":17,"stat.useItem.minecraft.sandstone":3,"stat.pickup.minecraft.chest":1}